Anlieferungsdatum,Gewicht in Tonnen
2019-01-03 00:00:00+00:00,73.04
2019-01-04 00:00:00+00:00,72.58
2019-01-05 00:00:00+00:00,771.0266666666666
2019-01-06 00:00:00+00:00,1469.4733333333331
2019-01-07 00:00:00+00:00,2167.92
2019-01-08 00:00:00+00:00,2795.52
2019-01-09 00:00:00+00:00,2761.32
2019-01-10 00:00:00+00:00,1214.5
2019-01-11 00:00:00+00:00,2893.38
2019-01-12 00:00:00+00:00,2957.0133333333333
2019-01-13 00:00:00+00:00,3020.646666666667
2019-01-14 00:00:00+00:00,3084.28
2019-01-15 00:00:00+00:00,3259.66
2019-01-16 00:00:00+00:00,2670.04
2019-01-17 00:00:00+00:00,2476.0
2019-01-18 00:00:00+00:00,1358.24
2019-01-19 00:00:00+00:00,1387.7866666666666
2019-01-20 00:00:00+00:00,1417.3333333333333
2019-01-21 00:00:00+00:00,1446.8799999999999
2019-01-22 00:00:00+00:00,1813.26
2019-01-23 00:00:00+00:00,828.9399999999999
2019-01-24 00:00:00+00:00,237.48
2019-01-25 00:00:00+00:00,283.86
2019-01-26 00:00:00+00:00,333.84000000000003
2019-01-27 00:00:00+00:00,383.82
2019-01-28 00:00:00+00:00,433.8
2019-01-29 00:00:00+00:00,199.4
2019-01-30 00:00:00+00:00,277.82
2019-01-31 00:00:00+00:00,275.14
2019-02-01 00:00:00+00:00,140.64
2019-02-02 00:00:00+00:00,900.0066666666665
2019-02-03 00:00:00+00:00,1659.373333333333
2019-02-04 00:00:00+00:00,2418.74
2019-02-05 00:00:00+00:00,3702.86
2019-02-06 00:00:00+00:00,3149.04
2019-02-07 00:00:00+00:00,3162.08
2019-02-08 00:00:00+00:00,2190.66
2019-02-09 00:00:00+00:00,2193.4266666666667
2019-02-10 00:00:00+00:00,2196.193333333333
2019-02-11 00:00:00+00:00,2198.96
2019-02-12 00:00:00+00:00,2074.68
2019-02-13 00:00:00+00:00,1165.7
2019-02-14 00:00:00+00:00,347.12
2019-02-15 00:00:00+00:00,398.26
2019-02-16 00:00:00+00:00,425.99333333333334
2019-02-17 00:00:00+00:00,453.72666666666663
2019-02-18 00:00:00+00:00,481.46
2019-02-19 00:00:00+00:00,502.62
2019-02-20 00:00:00+00:00,323.3
2019-02-21 00:00:00+00:00,893.64
2019-02-22 00:00:00+00:00,243.56
2019-02-23 00:00:00+00:00,246.36
2019-02-24 00:00:00+00:00,249.16
2019-02-25 00:00:00+00:00,251.96
2019-02-26 00:00:00+00:00,420.24
2019-02-27 00:00:00+00:00,296.2
2019-02-28 00:00:00+00:00,186.82
2019-03-01 00:00:00+00:00,1102.34
2019-03-02 00:00:00+00:00,928.3
2019-03-03 00:00:00+00:00,754.26
2019-03-04 00:00:00+00:00,580.22
2019-03-05 00:00:00+00:00,547.5
2019-03-06 00:00:00+00:00,268.78
2019-03-07 00:00:00+00:00,139.04
2019-03-08 00:00:00+00:00,243.32
2019-03-09 00:00:00+00:00,271.4866666666667
2019-03-10 00:00:00+00:00,299.6533333333333
2019-03-11 00:00:00+00:00,327.82
2019-03-12 00:00:00+00:00,256.7
2019-03-13 00:00:00+00:00,250.94
2019-03-14 00:00:00+00:00,582.58
2019-03-15 00:00:00+00:00,87.16
2019-03-16 00:00:00+00:00,230.43333333333334
2019-03-17 00:00:00+00:00,373.7066666666667
2019-03-18 00:00:00+00:00,516.98
2019-03-19 00:00:00+00:00,318.36
2019-03-20 00:00:00+00:00,491.98
2019-03-21 00:00:00+00:00,461.78
2019-03-22 00:00:00+00:00,427.76
2019-03-23 00:00:00+00:00,487.84666666666664
2019-03-24 00:00:00+00:00,547.9333333333333
2019-03-25 00:00:00+00:00,608.02
2019-03-26 00:00:00+00:00,1030.14
2019-03-27 00:00:00+00:00,723.26
2019-03-28 00:00:00+00:00,219.44
2019-03-29 00:00:00+00:00,374.36
2019-03-30 00:00:00+00:00,415.76
2019-03-31 00:00:00+00:00,457.16
2019-04-01 00:00:00+00:00,498.56
2019-04-02 00:00:00+00:00,308.08
2019-04-03 00:00:00+00:00,630.36
2019-04-04 00:00:00+00:00,802.62
2019-04-05 00:00:00+00:00,417.9
2019-04-06 00:00:00+00:00,488.9533333333333
2019-04-07 00:00:00+00:00,560.0066666666667
2019-04-08 00:00:00+00:00,631.06
2019-04-09 00:00:00+00:00,330.14
2019-04-10 00:00:00+00:00,347.04
2019-04-11 00:00:00+00:00,226.16
2019-04-12 00:00:00+00:00,228.72
2019-04-13 00:00:00+00:00,305.74
2019-04-14 00:00:00+00:00,382.76
2019-04-15 00:00:00+00:00,459.78000000000003
2019-04-16 00:00:00+00:00,728.08
2019-04-17 00:00:00+00:00,673.8
2019-04-18 00:00:00+00:00,294.88
2019-04-19 00:00:00+00:00,279.596
2019-04-20 00:00:00+00:00,264.312
2019-04-21 00:00:00+00:00,249.02800000000002
2019-04-22 00:00:00+00:00,233.744
2019-04-23 00:00:00+00:00,218.46
2019-04-24 00:00:00+00:00,236.68
2019-04-25 00:00:00+00:00,235.64000000000001
2019-04-26 00:00:00+00:00,165.14
2019-04-27 00:00:00+00:00,192.92
2019-04-28 00:00:00+00:00,220.7
2019-04-29 00:00:00+00:00,248.48
2019-04-30 00:00:00+00:00,404.21999999999997
2019-05-01 00:00:00+00:00,595.34
2019-05-02 00:00:00+00:00,614.32
2019-05-03 00:00:00+00:00,94.84
2019-05-04 00:00:00+00:00,176.26
2019-05-05 00:00:00+00:00,257.68
2019-05-06 00:00:00+00:00,339.1
2019-05-07 00:00:00+00:00,381.06
2019-05-08 00:00:00+00:00,582.88
2019-05-09 00:00:00+00:00,357.44
2019-05-10 00:00:00+00:00,178.14
2019-05-11 00:00:00+00:00,267.58
2019-05-12 00:00:00+00:00,357.02
2019-05-13 00:00:00+00:00,446.46
2019-05-14 00:00:00+00:00,242.22
2019-05-15 00:00:00+00:00,699.96
2019-05-16 00:00:00+00:00,176.78
2019-05-17 00:00:00+00:00,291.7
2019-05-18 00:00:00+00:00,255.58666666666667
2019-05-19 00:00:00+00:00,219.47333333333336
2019-05-20 00:00:00+00:00,183.36
2019-05-21 00:00:00+00:00,138.94
2019-05-22 00:00:00+00:00,119.42
2019-05-23 00:00:00+00:00,449.74
2019-05-24 00:00:00+00:00,456.86
2019-05-25 00:00:00+00:00,376.14666666666665
2019-05-26 00:00:00+00:00,295.43333333333334
2019-05-27 00:00:00+00:00,214.72
2019-05-28 00:00:00+00:00,893.26
2019-05-29 00:00:00+00:00,822.08
2019-05-30 00:00:00+00:00,857.456
2019-05-31 00:00:00+00:00,892.832
2019-06-01 00:00:00+00:00,928.2080000000001
2019-06-02 00:00:00+00:00,963.5840000000001
2019-06-03 00:00:00+00:00,998.96
2019-06-04 00:00:00+00:00,877.72
2019-06-05 00:00:00+00:00,562.3
2019-06-06 00:00:00+00:00,539.68
2019-06-07 00:00:00+00:00,668.3
2019-06-08 00:00:00+00:00,625.165
2019-06-09 00:00:00+00:00,582.03
2019-06-10 00:00:00+00:00,538.895
2019-06-11 00:00:00+00:00,495.76
2019-06-12 00:00:00+00:00,376.14
2019-06-13 00:00:00+00:00,821.24
2019-06-14 00:00:00+00:00,510.28
2019-06-15 00:00:00+00:00,503.4266666666667
2019-06-16 00:00:00+00:00,496.5733333333333
2019-06-17 00:00:00+00:00,489.72
2019-06-18 00:00:00+00:00,647.59
2019-06-19 00:00:00+00:00,467.0
2019-06-20 00:00:00+00:00,757.56
2019-06-21 00:00:00+00:00,510.15999999999997
2019-06-22 00:00:00+00:00,489.52
2019-06-23 00:00:00+00:00,468.88
2019-06-24 00:00:00+00:00,448.24
2019-06-25 00:00:00+00:00,502.82
2019-06-26 00:00:00+00:00,691.84
2019-06-27 00:00:00+00:00,294.72
2019-06-28 00:00:00+00:00,569.98
2019-06-29 00:00:00+00:00,547.6933333333334
2019-06-30 00:00:00+00:00,525.4066666666666
2019-07-01 00:00:00+00:00,503.12
2019-07-02 00:00:00+00:00,325.78000000000003
2019-07-03 00:00:00+00:00,633.76
2019-07-04 00:00:00+00:00,470.7
2019-07-05 00:00:00+00:00,349.78
2019-07-06 00:00:00+00:00,467.9466666666666
2019-07-07 00:00:00+00:00,586.1133333333332
2019-07-08 00:00:00+00:00,704.28
2019-07-09 00:00:00+00:00,314.24
2019-07-10 00:00:00+00:00,613.34
2019-07-11 00:00:00+00:00,819.0
2019-07-12 00:00:00+00:00,545.32
2019-07-13 00:00:00+00:00,527.0866666666667
2019-07-14 00:00:00+00:00,508.85333333333335
2019-07-15 00:00:00+00:00,490.62
2019-07-16 00:00:00+00:00,524.12
2019-07-17 00:00:00+00:00,998.22
2019-07-18 00:00:00+00:00,420.68
2019-07-19 00:00:00+00:00,175.36
2019-07-20 00:00:00+00:00,314.06
2019-07-21 00:00:00+00:00,452.76
2019-07-22 00:00:00+00:00,591.46
2019-07-23 00:00:00+00:00,243.1
2019-07-24 00:00:00+00:00,479.08
2019-07-25 00:00:00+00:00,429.56
2019-07-26 00:00:00+00:00,621.9399999999999
2019-07-27 00:00:00+00:00,520.3133333333333
2019-07-28 00:00:00+00:00,418.68666666666667
2019-07-29 00:00:00+00:00,317.06
2019-07-30 00:00:00+00:00,325.88
2019-07-31 00:00:00+00:00,483.9
2019-08-01 00:00:00+00:00,511.416
2019-08-02 00:00:00+00:00,538.932
2019-08-03 00:00:00+00:00,566.448
2019-08-04 00:00:00+00:00,593.964
2019-08-05 00:00:00+00:00,621.48
2019-08-06 00:00:00+00:00,1055.46
2019-08-07 00:00:00+00:00,565.34
2019-08-08 00:00:00+00:00,621.92
2019-08-09 00:00:00+00:00,387.58
2019-08-10 00:00:00+00:00,471.08000000000004
2019-08-11 00:00:00+00:00,554.58
2019-08-12 00:00:00+00:00,638.08
2019-08-13 00:00:00+00:00,1253.98
2019-08-14 00:00:00+00:00,760.72
2019-08-15 00:00:00+00:00,841.54
2019-08-16 00:00:00+00:00,724.58
2019-08-17 00:00:00+00:00,657.46
2019-08-18 00:00:00+00:00,590.34
2019-08-19 00:00:00+00:00,523.22
2019-08-20 00:00:00+00:00,371.2
2019-08-21 00:00:00+00:00,658.24
2019-08-22 00:00:00+00:00,1454.84
2019-08-23 00:00:00+00:00,408.8
2019-08-24 00:00:00+00:00,753.6666666666667
2019-08-25 00:00:00+00:00,1098.5333333333335
2019-08-26 00:00:00+00:00,1443.4
2019-08-27 00:00:00+00:00,2819.22
2019-08-28 00:00:00+00:00,2211.92
2019-08-29 00:00:00+00:00,1093.08
2019-08-30 00:00:00+00:00,1414.4
2019-08-31 00:00:00+00:00,1504.6666666666667
2019-09-01 00:00:00+00:00,1594.9333333333334
2019-09-02 00:00:00+00:00,1685.2
2019-09-03 00:00:00+00:00,2540.66
2019-09-04 00:00:00+00:00,1894.5
2019-09-05 00:00:00+00:00,1379.88
2019-09-06 00:00:00+00:00,1065.1
2019-09-07 00:00:00+00:00,865.3599999999999
2019-09-08 00:00:00+00:00,665.6199999999999
2019-09-09 00:00:00+00:00,465.88
2019-09-10 00:00:00+00:00,1429.5
2019-09-11 00:00:00+00:00,677.1
2019-09-12 00:00:00+00:00,754.82
2019-09-13 00:00:00+00:00,434.22
2019-09-14 00:00:00+00:00,675.3000000000001
2019-09-15 00:00:00+00:00,916.3800000000001
2019-09-16 00:00:00+00:00,1157.46
2019-09-17 00:00:00+00:00,512.98
2019-09-18 00:00:00+00:00,1811.78
2019-09-19 00:00:00+00:00,1567.24
2019-09-20 00:00:00+00:00,2285.52
2019-09-21 00:00:00+00:00,1824.9933333333333
2019-09-22 00:00:00+00:00,1364.4666666666667
2019-09-23 00:00:00+00:00,903.94
2019-09-24 00:00:00+00:00,1133.3
2019-09-25 00:00:00+00:00,971.44
2019-09-26 00:00:00+00:00,2054.46
2019-09-27 00:00:00+00:00,1065.34
2019-09-28 00:00:00+00:00,1052.0
2019-09-29 00:00:00+00:00,1038.6599999999999
2019-09-30 00:00:00+00:00,1025.32
2019-10-01 00:00:00+00:00,1574.96
2019-10-02 00:00:00+00:00,1331.56
2019-10-03 00:00:00+00:00,779.26
2019-10-04 00:00:00+00:00,1098.72
2019-10-05 00:00:00+00:00,1105.6933333333334
2019-10-06 00:00:00+00:00,1112.6666666666667
2019-10-07 00:00:00+00:00,1119.64
2019-10-08 00:00:00+00:00,1025.18
2019-10-09 00:00:00+00:00,221.28
2019-10-10 00:00:00+00:00,305.02
2019-10-11 00:00:00+00:00,954.0
2019-10-12 00:00:00+00:00,938.68
2019-10-13 00:00:00+00:00,923.36
2019-10-14 00:00:00+00:00,908.04
2019-10-15 00:00:00+00:00,1395.24
2019-10-16 00:00:00+00:00,1373.48
2019-10-17 00:00:00+00:00,1363.04
2019-10-18 00:00:00+00:00,1112.3
2019-10-19 00:00:00+00:00,1195.3466666666666
2019-10-20 00:00:00+00:00,1278.3933333333334
2019-10-21 00:00:00+00:00,1361.44
2019-10-22 00:00:00+00:00,900.64
2019-10-23 00:00:00+00:00,1207.5
2019-10-24 00:00:00+00:00,1080.5
2019-10-25 00:00:00+00:00,1677.32
2019-10-26 00:00:00+00:00,1473.3933333333332
2019-10-27 00:00:00+00:00,1269.4666666666667
2019-10-28 00:00:00+00:00,1065.54
2019-10-29 00:00:00+00:00,862.98
2019-10-30 00:00:00+00:00,889.6800000000001
2019-10-31 00:00:00+00:00,824.62
2019-11-01 00:00:00+00:00,819.9200000000001
2019-11-02 00:00:00+00:00,815.22
2019-11-03 00:00:00+00:00,810.52
2019-11-04 00:00:00+00:00,805.82
2019-11-05 00:00:00+00:00,625.78
2019-11-06 00:00:00+00:00,988.04
2019-11-07 00:00:00+00:00,1161.8
2019-11-08 00:00:00+00:00,600.18
2019-11-09 00:00:00+00:00,767.7866666666666
2019-11-10 00:00:00+00:00,935.3933333333333
2019-11-11 00:00:00+00:00,1103.0
2019-11-12 00:00:00+00:00,1493.52
2019-11-13 00:00:00+00:00,1331.46
2019-11-14 00:00:00+00:00,878.26
2019-11-15 00:00:00+00:00,345.98
2019-11-16 00:00:00+00:00,423.86
2019-11-17 00:00:00+00:00,501.74
2019-11-18 00:00:00+00:00,579.62
2019-11-19 00:00:00+00:00,1111.98
2019-11-20 00:00:00+00:00,671.12
2019-11-21 00:00:00+00:00,627.3199999999999
2019-11-22 00:00:00+00:00,832.22
2019-11-23 00:00:00+00:00,1014.6866666666667
2019-11-24 00:00:00+00:00,1197.1533333333332
2019-11-25 00:00:00+00:00,1379.62
2019-11-26 00:00:00+00:00,1243.98
2019-11-27 00:00:00+00:00,1581.7
2019-11-28 00:00:00+00:00,2135.62
2019-11-29 00:00:00+00:00,1413.32
2019-11-30 00:00:00+00:00,1523.1466666666665
2019-12-01 00:00:00+00:00,1632.9733333333334
2019-12-02 00:00:00+00:00,1742.8
2019-12-03 00:00:00+00:00,2451.78
2019-12-04 00:00:00+00:00,1935.44
2019-12-05 00:00:00+00:00,1739.8799999999999
2019-12-06 00:00:00+00:00,1988.54
2019-12-07 00:00:00+00:00,1606.84
2019-12-08 00:00:00+00:00,1225.1399999999999
2019-12-09 00:00:00+00:00,843.44
2019-12-10 00:00:00+00:00,1749.32
2019-12-11 00:00:00+00:00,1322.24
2019-12-12 00:00:00+00:00,319.35
2019-12-13 00:00:00+00:00,516.3
2019-12-14 00:00:00+00:00,593.56
2019-12-15 00:00:00+00:00,670.82
2019-12-16 00:00:00+00:00,748.08
2019-12-17 00:00:00+00:00,887.88
2019-12-18 00:00:00+00:00,1213.94
2019-12-19 00:00:00+00:00,1067.92
2019-12-20 00:00:00+00:00,404.76
2019-12-21 00:00:00+00:00,307.75333333333333
2019-12-22 00:00:00+00:00,210.74666666666667
2019-12-23 00:00:00+00:00,113.74
2019-12-24 00:00:00+00:00,71.4
2019-12-25 00:00:00+00:00,44.480000000000004
2019-12-26 00:00:00+00:00,17.56
2019-12-27 00:00:00+00:00,110.68
2019-12-28 00:00:00+00:00,110.09333333333333
2019-12-29 00:00:00+00:00,109.50666666666667
2019-12-30 00:00:00+00:00,108.92
2019-12-31 00:00:00+00:00,93.2
2020-01-01 00:00:00+00:00,93.62666666666667
2020-01-02 00:00:00+00:00,94.05333333333334
2020-01-03 00:00:00+00:00,94.48
2020-01-04 00:00:00+00:00,227.16666666666669
2020-01-05 00:00:00+00:00,359.85333333333335
2020-01-06 00:00:00+00:00,492.54
2020-01-07 00:00:00+00:00,551.64
2020-01-08 00:00:00+00:00,676.7
2020-01-09 00:00:00+00:00,610.22
2020-01-10 00:00:00+00:00,441.04
2020-01-11 00:00:00+00:00,461.0866666666667
2020-01-12 00:00:00+00:00,481.1333333333333
2020-01-13 00:00:00+00:00,501.18
2020-01-14 00:00:00+00:00,1337.54
2020-01-15 00:00:00+00:00,860.88
2020-01-16 00:00:00+00:00,578.16
2020-01-17 00:00:00+00:00,635.16
2020-01-18 00:00:00+00:00,619.26
2020-01-19 00:00:00+00:00,603.36
2020-01-20 00:00:00+00:00,587.46
2020-01-21 00:00:00+00:00,1506.68
2020-01-22 00:00:00+00:00,1994.86
2020-01-23 00:00:00+00:00,1732.96
2020-01-24 00:00:00+00:00,1323.24
2020-01-25 00:00:00+00:00,1159.6533333333334
2020-01-26 00:00:00+00:00,996.0666666666666
2020-01-27 00:00:00+00:00,832.48
2020-01-28 00:00:00+00:00,388.15999999999997
2020-01-29 00:00:00+00:00,267.66
2020-01-30 00:00:00+00:00,1476.16
2020-01-31 00:00:00+00:00,2280.44
2020-02-01 00:00:00+00:00,1604.9266666666667
2020-02-02 00:00:00+00:00,929.4133333333334
2020-02-03 00:00:00+00:00,253.9
2020-02-04 00:00:00+00:00,175.94
2020-02-05 00:00:00+00:00,428.94
2020-02-06 00:00:00+00:00,1799.98
2020-02-07 00:00:00+00:00,2386.16
2020-02-08 00:00:00+00:00,1817.0333333333333
2020-02-09 00:00:00+00:00,1247.9066666666665
2020-02-10 00:00:00+00:00,678.78
2020-02-11 00:00:00+00:00,256.18
2020-02-12 00:00:00+00:00,373.88
2020-02-13 00:00:00+00:00,1239.66
2020-02-14 00:00:00+00:00,479.08
2020-02-15 00:00:00+00:00,684.3466666666667
2020-02-16 00:00:00+00:00,889.6133333333335
2020-02-17 00:00:00+00:00,1094.88
2020-02-18 00:00:00+00:00,1561.96
2020-02-19 00:00:00+00:00,1679.18
2020-02-20 00:00:00+00:00,2006.54
2020-02-21 00:00:00+00:00,1760.88
2020-02-22 00:00:00+00:00,2151.1066666666666
2020-02-23 00:00:00+00:00,2541.3333333333335
2020-02-24 00:00:00+00:00,2931.56
2020-02-25 00:00:00+00:00,1636.12
2020-02-26 00:00:00+00:00,238.04
2020-02-27 00:00:00+00:00,248.34
2020-02-28 00:00:00+00:00,597.04
2020-02-29 00:00:00+00:00,800.14
2020-03-01 00:00:00+00:00,1003.24
2020-03-02 00:00:00+00:00,1206.34
2020-03-03 00:00:00+00:00,1430.94
2020-03-04 00:00:00+00:00,1329.36
2020-03-05 00:00:00+00:00,459.98
2020-03-06 00:00:00+00:00,332.32
2020-03-07 00:00:00+00:00,391.26
2020-03-08 00:00:00+00:00,450.2
2020-03-09 00:00:00+00:00,509.14
2020-03-10 00:00:00+00:00,941.58
2020-03-11 00:00:00+00:00,1498.82
2020-03-12 00:00:00+00:00,1464.92
2020-03-13 00:00:00+00:00,526.56
2020-03-14 00:00:00+00:00,800.6733333333333
2020-03-15 00:00:00+00:00,1074.7866666666666
2020-03-16 00:00:00+00:00,1348.9
2020-03-17 00:00:00+00:00,2947.24
2020-03-18 00:00:00+00:00,2409.7
2020-03-19 00:00:00+00:00,989.2
2020-03-20 00:00:00+00:00,832.64
2020-03-21 00:00:00+00:00,995.4933333333333
2020-03-22 00:00:00+00:00,1158.3466666666668
2020-03-23 00:00:00+00:00,1321.2
2020-03-24 00:00:00+00:00,1753.79
2020-03-25 00:00:00+00:00,1517.58
2020-03-26 00:00:00+00:00,1331.54
2020-03-27 00:00:00+00:00,1164.6
2020-03-28 00:00:00+00:00,962.7333333333332
2020-03-29 00:00:00+00:00,760.8666666666666
2020-03-30 00:00:00+00:00,559.0
2020-03-31 00:00:00+00:00,918.34
2020-04-01 00:00:00+00:00,1365.62
2020-04-02 00:00:00+00:00,1942.84
2020-04-03 00:00:00+00:00,1805.62
2020-04-04 00:00:00+00:00,1633.1133333333332
2020-04-05 00:00:00+00:00,1460.6066666666666
2020-04-06 00:00:00+00:00,1288.1
2020-04-07 00:00:00+00:00,1476.86
2020-04-08 00:00:00+00:00,1555.58
2020-04-09 00:00:00+00:00,747.06
2020-04-10 00:00:00+00:00,725.2199999999999
2020-04-11 00:00:00+00:00,703.38
2020-04-12 00:00:00+00:00,681.54
2020-04-13 00:00:00+00:00,659.7
2020-04-14 00:00:00+00:00,637.86
2020-04-15 00:00:00+00:00,866.26
2020-04-16 00:00:00+00:00,1213.5
2020-04-17 00:00:00+00:00,1249.24
2020-04-18 00:00:00+00:00,1253.49
2020-04-19 00:00:00+00:00,1257.74
2020-04-20 00:00:00+00:00,1261.99
2020-04-21 00:00:00+00:00,1354.56
2020-04-22 00:00:00+00:00,949.28
2020-04-23 00:00:00+00:00,986.7
2020-04-24 00:00:00+00:00,784.46
2020-04-25 00:00:00+00:00,830.6466666666666
2020-04-26 00:00:00+00:00,876.8333333333334
2020-04-27 00:00:00+00:00,923.02
2020-04-28 00:00:00+00:00,1464.98
2020-04-29 00:00:00+00:00,824.74
2020-04-30 00:00:00+00:00,1491.88
2020-05-01 00:00:00+00:00,1284.46
2020-05-02 00:00:00+00:00,1362.3533333333335
2020-05-03 00:00:00+00:00,1440.2466666666667
2020-05-04 00:00:00+00:00,1518.14
2020-05-05 00:00:00+00:00,373.64
2020-05-06 00:00:00+00:00,1396.36
2020-05-07 00:00:00+00:00,1266.32
2020-05-08 00:00:00+00:00,1373.8
2020-05-09 00:00:00+00:00,1277.2266666666667
2020-05-10 00:00:00+00:00,1180.6533333333332
2020-05-11 00:00:00+00:00,1084.08
2020-05-12 00:00:00+00:00,2725.28
2020-05-13 00:00:00+00:00,2416.46
2020-05-14 00:00:00+00:00,901.58
2020-05-15 00:00:00+00:00,386.6
2020-05-16 00:00:00+00:00,914.1333333333333
2020-05-17 00:00:00+00:00,1441.6666666666665
2020-05-18 00:00:00+00:00,1969.2
2020-05-19 00:00:00+00:00,1224.9
2020-05-20 00:00:00+00:00,849.74
2020-05-21 00:00:00+00:00,892.692
2020-05-22 00:00:00+00:00,935.644
2020-05-23 00:00:00+00:00,978.596
2020-05-24 00:00:00+00:00,1021.548
2020-05-25 00:00:00+00:00,1064.5
2020-05-26 00:00:00+00:00,1307.22
2020-05-27 00:00:00+00:00,1243.22
2020-05-28 00:00:00+00:00,1907.74
2020-05-29 00:00:00+00:00,1141.84
2020-05-30 00:00:00+00:00,1129.545
2020-05-31 00:00:00+00:00,1117.25
2020-06-01 00:00:00+00:00,1104.955
2020-06-02 00:00:00+00:00,1092.66
2020-06-03 00:00:00+00:00,1523.5
2020-06-04 00:00:00+00:00,652.22
2020-06-05 00:00:00+00:00,1508.42
2020-06-06 00:00:00+00:00,1685.06
2020-06-07 00:00:00+00:00,1861.7
2020-06-08 00:00:00+00:00,2038.34
2020-06-09 00:00:00+00:00,1087.76
2020-06-10 00:00:00+00:00,934.2
2020-06-11 00:00:00+00:00,739.02
2020-06-12 00:00:00+00:00,1813.31
2020-06-13 00:00:00+00:00,2185.9466666666667
2020-06-14 00:00:00+00:00,2558.583333333333
2020-06-15 00:00:00+00:00,2931.22
2020-06-16 00:00:00+00:00,1750.5
2020-06-17 00:00:00+00:00,2107.54
2020-06-18 00:00:00+00:00,2059.38
2020-06-19 00:00:00+00:00,1173.56
2020-06-20 00:00:00+00:00,1338.4533333333334
2020-06-21 00:00:00+00:00,1503.3466666666666
2020-06-22 00:00:00+00:00,1668.24
2020-06-23 00:00:00+00:00,1038.12
2020-06-24 00:00:00+00:00,926.4
2020-06-25 00:00:00+00:00,982.16
2020-06-26 00:00:00+00:00,665.62
2020-06-27 00:00:00+00:00,604.5266666666666
2020-06-28 00:00:00+00:00,543.4333333333333
2020-06-29 00:00:00+00:00,482.34
2020-06-30 00:00:00+00:00,1717.32
2020-07-01 00:00:00+00:00,1522.32
2020-07-02 00:00:00+00:00,1413.66
2020-07-03 00:00:00+00:00,822.74
2020-07-04 00:00:00+00:00,1574.4533333333334
2020-07-05 00:00:00+00:00,2326.166666666667
2020-07-06 00:00:00+00:00,3077.88
2020-07-07 00:00:00+00:00,1475.34
2020-07-08 00:00:00+00:00,1026.5
2020-07-09 00:00:00+00:00,1589.96
2020-07-10 00:00:00+00:00,1345.16
2020-07-11 00:00:00+00:00,1300.3600000000001
2020-07-12 00:00:00+00:00,1255.56
2020-07-13 00:00:00+00:00,1210.76
2020-07-14 00:00:00+00:00,1259.28
2020-07-15 00:00:00+00:00,1689.84
2020-07-16 00:00:00+00:00,906.14
2020-07-17 00:00:00+00:00,291.86
2020-07-18 00:00:00+00:00,756.7
2020-07-19 00:00:00+00:00,1221.54
2020-07-20 00:00:00+00:00,1686.38
2020-07-21 00:00:00+00:00,913.06
2020-07-22 00:00:00+00:00,802.38
2020-07-23 00:00:00+00:00,1051.08
2020-07-24 00:00:00+00:00,787.96
2020-07-25 00:00:00+00:00,659.4333333333334
2020-07-26 00:00:00+00:00,530.9066666666668
2020-07-27 00:00:00+00:00,402.38
2020-07-28 00:00:00+00:00,821.04
2020-07-29 00:00:00+00:00,483.14
2020-07-30 00:00:00+00:00,1607.76
2020-07-31 00:00:00+00:00,1306.97
2020-08-01 00:00:00+00:00,940.1866666666667
2020-08-02 00:00:00+00:00,573.4033333333334
2020-08-03 00:00:00+00:00,206.62
2020-08-04 00:00:00+00:00,194.72
2020-08-05 00:00:00+00:00,2061.36
2020-08-06 00:00:00+00:00,1208.02
2020-08-07 00:00:00+00:00,1121.16
2020-08-08 00:00:00+00:00,1095.7533333333333
2020-08-09 00:00:00+00:00,1070.3466666666668
2020-08-10 00:00:00+00:00,1044.94
2020-08-11 00:00:00+00:00,1968.3799999999999
2020-08-12 00:00:00+00:00,1820.6
2020-08-13 00:00:00+00:00,1708.6200000000001
2020-08-14 00:00:00+00:00,2115.48
2020-08-15 00:00:00+00:00,2164.16
2020-08-16 00:00:00+00:00,2212.84
2020-08-17 00:00:00+00:00,2261.52
2020-08-18 00:00:00+00:00,2129.84
2020-08-19 00:00:00+00:00,1797.12
2020-08-20 00:00:00+00:00,1758.42
2020-08-21 00:00:00+00:00,1401.24
2020-08-22 00:00:00+00:00,1424.6266666666668
2020-08-23 00:00:00+00:00,1448.0133333333333
2020-08-24 00:00:00+00:00,1471.4
2020-08-25 00:00:00+00:00,1780.26
2020-08-26 00:00:00+00:00,1608.74
2020-08-27 00:00:00+00:00,1926.46
2020-08-28 00:00:00+00:00,1136.61
2020-08-29 00:00:00+00:00,1071.54
2020-08-30 00:00:00+00:00,1006.4699999999999
2020-08-31 00:00:00+00:00,941.4
2020-09-01 00:00:00+00:00,1233.66
2020-09-02 00:00:00+00:00,1316.8600000000001
2020-09-03 00:00:00+00:00,1802.9
2020-09-04 00:00:00+00:00,1702.0
2020-09-05 00:00:00+00:00,854.68
2020-09-06 00:00:00+00:00,7.36
2020-09-07 00:00:00+00:00,1883.42
2020-09-08 00:00:00+00:00,1669.3
2020-09-09 00:00:00+00:00,1985.68
2020-09-10 00:00:00+00:00,1019.76
2020-09-11 00:00:00+00:00,1599.36
2020-09-12 00:00:00+00:00,1263.6933333333332
2020-09-13 00:00:00+00:00,928.0266666666666
2020-09-14 00:00:00+00:00,592.36
2020-09-15 00:00:00+00:00,1454.7
2020-09-16 00:00:00+00:00,1699.26
2020-09-17 00:00:00+00:00,1154.16
2020-09-18 00:00:00+00:00,997.34
2020-09-19 00:00:00+00:00,902.2666666666667
2020-09-20 00:00:00+00:00,807.1933333333334
2020-09-21 00:00:00+00:00,712.12
2020-09-22 00:00:00+00:00,1300.8
2020-09-23 00:00:00+00:00,1279.84
2020-09-24 00:00:00+00:00,832.02
2020-09-25 00:00:00+00:00,121.26
2020-09-26 00:00:00+00:00,387.9
2020-09-27 00:00:00+00:00,654.54
2020-09-28 00:00:00+00:00,921.18
2020-09-29 00:00:00+00:00,787.22
2020-09-30 00:00:00+00:00,787.22
2020-10-01 00:00:00+00:00,1477.94
2020-10-02 00:00:00+00:00,1322.24
2020-10-03 00:00:00+00:00,1021.5333333333333
2020-10-04 00:00:00+00:00,720.8266666666667
2020-10-05 00:00:00+00:00,420.12
2020-10-06 00:00:00+00:00,1570.64
2020-10-07 00:00:00+00:00,855.16
2020-10-08 00:00:00+00:00,875.62
2020-10-09 00:00:00+00:00,1025.62
2020-10-10 00:00:00+00:00,905.9733333333332
2020-10-11 00:00:00+00:00,786.3266666666666
2020-10-12 00:00:00+00:00,666.68
2020-10-13 00:00:00+00:00,784.48
2020-10-14 00:00:00+00:00,902.14
2020-10-15 00:00:00+00:00,1067.22
2020-10-16 00:00:00+00:00,697.1
2020-10-17 00:00:00+00:00,889.1400000000001
2020-10-18 00:00:00+00:00,1081.18
2020-10-19 00:00:00+00:00,1273.22
2020-10-20 00:00:00+00:00,1073.32
2020-10-21 00:00:00+00:00,1084.02
2020-10-22 00:00:00+00:00,1604.64
2020-10-23 00:00:00+00:00,1270.48
2020-10-24 00:00:00+00:00,1242.9066666666668
2020-10-25 00:00:00+00:00,1215.3333333333333
2020-10-26 00:00:00+00:00,1187.76
2020-10-27 00:00:00+00:00,918.98
2020-10-28 00:00:00+00:00,992.68
2020-10-29 00:00:00+00:00,398.34
2020-10-30 00:00:00+00:00,1241.36
2020-10-31 00:00:00+00:00,1266.2266666666667
2020-11-01 00:00:00+00:00,1291.0933333333332
2020-11-02 00:00:00+00:00,1315.96
2020-11-03 00:00:00+00:00,710.0
2020-11-04 00:00:00+00:00,282.22
2020-11-05 00:00:00+00:00,1386.18
2020-11-06 00:00:00+00:00,1225.46
2020-11-07 00:00:00+00:00,1219.6866666666667
2020-11-08 00:00:00+00:00,1213.9133333333334
2020-11-09 00:00:00+00:00,1208.14
2020-11-10 00:00:00+00:00,1916.8
2020-11-11 00:00:00+00:00,1342.8
2020-11-12 00:00:00+00:00,1278.62
2020-11-13 00:00:00+00:00,693.88
2020-11-14 00:00:00+00:00,889.8166666666667
2020-11-15 00:00:00+00:00,1085.7533333333333
2020-11-16 00:00:00+00:00,1281.69
2020-11-17 00:00:00+00:00,784.12
2020-11-18 00:00:00+00:00,763.3
2020-11-19 00:00:00+00:00,1063.85
2020-11-20 00:00:00+00:00,761.68
2020-11-21 00:00:00+00:00,976.8266666666666
2020-11-22 00:00:00+00:00,1191.9733333333334
2020-11-23 00:00:00+00:00,1407.12
2020-11-24 00:00:00+00:00,1235.2
2020-11-25 00:00:00+00:00,1564.56
2020-11-26 00:00:00+00:00,1491.38
2020-11-27 00:00:00+00:00,833.5600000000001
2020-11-28 00:00:00+00:00,853.7133333333334
2020-11-29 00:00:00+00:00,873.8666666666667
2020-11-30 00:00:00+00:00,894.02
2020-12-01 00:00:00+00:00,440.78
2020-12-02 00:00:00+00:00,937.74
2020-12-03 00:00:00+00:00,1305.04
2020-12-04 00:00:00+00:00,827.46
2020-12-05 00:00:00+00:00,652.6833333333334
2020-12-06 00:00:00+00:00,477.9066666666667
2020-12-07 00:00:00+00:00,303.13
2020-12-08 00:00:00+00:00,235.04
2020-12-09 00:00:00+00:00,233.54
2020-12-10 00:00:00+00:00,363.7
2020-12-11 00:00:00+00:00,301.34
2020-12-12 00:00:00+00:00,342.50666666666666
2020-12-13 00:00:00+00:00,383.6733333333333
2020-12-14 00:00:00+00:00,424.84
2020-12-15 00:00:00+00:00,587.68
2020-12-16 00:00:00+00:00,575.86
2020-12-17 00:00:00+00:00,1179.42
2020-12-18 00:00:00+00:00,175.8
2020-12-19 00:00:00+00:00,236.27333333333337
2020-12-20 00:00:00+00:00,296.74666666666667
2020-12-21 00:00:00+00:00,357.22
2020-12-22 00:00:00+00:00,258.54
2020-12-23 00:00:00+00:00,446.08
2020-12-24 00:00:00+00:00,52.66
2020-12-25 00:00:00+00:00,57.9
2020-12-26 00:00:00+00:00,63.14
2020-12-27 00:00:00+00:00,68.38
2020-12-28 00:00:00+00:00,73.62
2020-12-29 00:00:00+00:00,93.14
2020-12-30 00:00:00+00:00,75.22
2020-12-31 00:00:00+00:00,57.82
2021-01-01 00:00:00+00:00,120.74000000000001
2021-01-02 00:00:00+00:00,183.66
2021-01-03 00:00:00+00:00,246.57999999999998
2021-01-04 00:00:00+00:00,309.5
2021-01-05 00:00:00+00:00,127.94
2021-01-06 00:00:00+00:00,87.52
2021-01-07 00:00:00+00:00,223.66
2021-01-08 00:00:00+00:00,141.4
2021-01-09 00:00:00+00:00,299.12
2021-01-10 00:00:00+00:00,456.84000000000003
2021-01-11 00:00:00+00:00,614.56
2021-01-12 00:00:00+00:00,531.76
2021-01-13 00:00:00+00:00,641.66
2021-01-14 00:00:00+00:00,197.42
2021-01-15 00:00:00+00:00,1039.56
2021-01-16 00:00:00+00:00,2022.46
2021-01-17 00:00:00+00:00,3042.73
2021-01-18 00:00:00+00:00,4063.0
2021-01-19 00:00:00+00:00,3976.42
2021-01-20 00:00:00+00:00,3976.9
2021-01-21 00:00:00+00:00,3973.34
2021-01-22 00:00:00+00:00,2876.32
2021-01-23 00:00:00+00:00,2452.5
2021-01-24 00:00:00+00:00,2028.68
2021-01-25 00:00:00+00:00,1604.86
2021-01-26 00:00:00+00:00,2672.92
2021-01-27 00:00:00+00:00,1979.7
2021-01-28 00:00:00+00:00,625.76
2021-01-29 00:00:00+00:00,205.5
2021-01-30 00:00:00+00:00,262.7266666666667
2021-01-31 00:00:00+00:00,319.9533333333333
2021-02-01 00:00:00+00:00,377.18
2021-02-02 00:00:00+00:00,229.28
2021-02-03 00:00:00+00:00,260.02
2021-02-04 00:00:00+00:00,340.12
2021-02-05 00:00:00+00:00,367.8
2021-02-06 00:00:00+00:00,469.58666666666664
2021-02-07 00:00:00+00:00,571.3733333333333
2021-02-08 00:00:00+00:00,673.16
2021-02-09 00:00:00+00:00,287.82
2021-02-10 00:00:00+00:00,245.56
2021-02-11 00:00:00+00:00,239.6
2021-02-12 00:00:00+00:00,293.88
2021-02-13 00:00:00+00:00,411.4333333333333
2021-02-14 00:00:00+00:00,528.9866666666667
2021-02-15 00:00:00+00:00,646.54
2021-02-16 00:00:00+00:00,1226.32
2021-02-17 00:00:00+00:00,994.08
2021-02-18 00:00:00+00:00,1396.34
2021-02-19 00:00:00+00:00,1191.96
2021-02-20 00:00:00+00:00,1024.3733333333334
2021-02-21 00:00:00+00:00,856.7866666666667
2021-02-22 00:00:00+00:00,689.2
2021-02-23 00:00:00+00:00,486.6
2021-02-24 00:00:00+00:00,890.04
2021-02-25 00:00:00+00:00,1087.76
2021-02-26 00:00:00+00:00,532.32
2021-02-27 00:00:00+00:00,885.8733333333333
2021-02-28 00:00:00+00:00,1239.4266666666667
2021-03-01 00:00:00+00:00,1592.98
2021-03-02 00:00:00+00:00,1190.0
2021-03-03 00:00:00+00:00,542.52
2021-03-04 00:00:00+00:00,1234.22
2021-03-05 00:00:00+00:00,744.88
2021-03-06 00:00:00+00:00,793.0
2021-03-07 00:00:00+00:00,841.12
2021-03-08 00:00:00+00:00,889.24
2021-03-09 00:00:00+00:00,583.58
2021-03-10 00:00:00+00:00,1291.54
2021-03-11 00:00:00+00:00,611.76
2021-03-12 00:00:00+00:00,952.63
2021-03-13 00:00:00+00:00,818.7
2021-03-14 00:00:00+00:00,684.77
2021-03-15 00:00:00+00:00,550.84
2021-03-16 00:00:00+00:00,264.4
2021-03-17 00:00:00+00:00,146.6
2021-03-18 00:00:00+00:00,358.24
2021-03-19 00:00:00+00:00,768.38
2021-03-20 00:00:00+00:00,1034.0133333333333
2021-03-21 00:00:00+00:00,1299.6466666666665
2021-03-22 00:00:00+00:00,1565.28
2021-03-23 00:00:00+00:00,693.94
2021-03-24 00:00:00+00:00,752.1800000000001
2021-03-25 00:00:00+00:00,1677.32
2021-03-26 00:00:00+00:00,2203.92
2021-03-27 00:00:00+00:00,1832.0933333333335
2021-03-28 00:00:00+00:00,1460.2666666666669
2021-03-29 00:00:00+00:00,1088.44
2021-03-30 00:00:00+00:00,2032.32
2021-03-31 00:00:00+00:00,1022.42
2021-04-01 00:00:00+00:00,1134.4
2021-04-02 00:00:00+00:00,1191.7520000000002
2021-04-03 00:00:00+00:00,1249.104
2021-04-04 00:00:00+00:00,1306.4560000000001
2021-04-05 00:00:00+00:00,1363.808
2021-04-06 00:00:00+00:00,1421.16
2021-04-07 00:00:00+00:00,359.02
2021-04-08 00:00:00+00:00,811.0
2021-04-09 00:00:00+00:00,1338.18
2021-04-10 00:00:00+00:00,1034.5533333333333
2021-04-11 00:00:00+00:00,730.9266666666666
2021-04-12 00:00:00+00:00,427.3
2021-04-13 00:00:00+00:00,1045.02
2021-04-14 00:00:00+00:00,611.78
2021-04-15 00:00:00+00:00,1324.48
2021-04-16 00:00:00+00:00,1219.16
2021-04-17 00:00:00+00:00,1219.1933333333334
2021-04-18 00:00:00+00:00,1219.2266666666667
2021-04-19 00:00:00+00:00,1219.26
2021-04-20 00:00:00+00:00,1571.8
2021-04-21 00:00:00+00:00,1573.88
2021-04-22 00:00:00+00:00,1370.0
2021-04-23 00:00:00+00:00,469.64
2021-04-24 00:00:00+00:00,800.48
2021-04-25 00:00:00+00:00,1131.32
2021-04-26 00:00:00+00:00,1462.16
2021-04-27 00:00:00+00:00,1384.52
2021-04-28 00:00:00+00:00,1130.0
2021-04-29 00:00:00+00:00,1213.48
2021-04-30 00:00:00+00:00,2227.0
2021-05-01 00:00:00+00:00,2000.48
2021-05-02 00:00:00+00:00,1773.96
2021-05-03 00:00:00+00:00,1547.44
2021-05-04 00:00:00+00:00,1476.42
2021-05-05 00:00:00+00:00,225.94
2021-05-06 00:00:00+00:00,803.12
2021-05-07 00:00:00+00:00,332.64
2021-05-08 00:00:00+00:00,834.3733333333332
2021-05-09 00:00:00+00:00,1336.1066666666666
2021-05-10 00:00:00+00:00,1837.84
2021-05-11 00:00:00+00:00,1081.4
2021-05-12 00:00:00+00:00,232.18
2021-05-13 00:00:00+00:00,172.28
2021-05-14 00:00:00+00:00,112.38
2021-05-15 00:00:00+00:00,189.28
2021-05-16 00:00:00+00:00,266.18
2021-05-17 00:00:00+00:00,343.08
2021-05-18 00:00:00+00:00,118.6
2021-05-19 00:00:00+00:00,293.94
2021-05-20 00:00:00+00:00,2119.74
2021-05-21 00:00:00+00:00,1691.82
2021-05-22 00:00:00+00:00,1608.2849999999999
2021-05-23 00:00:00+00:00,1524.75
2021-05-24 00:00:00+00:00,1441.2150000000001
2021-05-25 00:00:00+00:00,1357.68
2021-05-26 00:00:00+00:00,1194.98
2021-05-27 00:00:00+00:00,351.88
2021-05-28 00:00:00+00:00,1866.1
2021-05-29 00:00:00+00:00,1433.3066666666666
2021-05-30 00:00:00+00:00,1000.5133333333333
2021-05-31 00:00:00+00:00,567.72
2021-06-01 00:00:00+00:00,649.02
2021-06-02 00:00:00+00:00,1181.22
2021-06-03 00:00:00+00:00,1379.4
2021-06-04 00:00:00+00:00,1076.14
2021-06-05 00:00:00+00:00,837.7666666666668
2021-06-06 00:00:00+00:00,599.3933333333334
2021-06-07 00:00:00+00:00,361.02
2021-06-08 00:00:00+00:00,798.12
2021-06-09 00:00:00+00:00,902.3
2021-06-10 00:00:00+00:00,1908.56
2021-06-11 00:00:00+00:00,1094.71
2021-06-12 00:00:00+00:00,1303.6333333333334
2021-06-13 00:00:00+00:00,1512.5566666666666
2021-06-14 00:00:00+00:00,1721.48
2021-06-15 00:00:00+00:00,1196.95
2021-06-16 00:00:00+00:00,1558.6200000000001
2021-06-17 00:00:00+00:00,2730.6
2021-06-18 00:00:00+00:00,2594.46
2021-06-19 00:00:00+00:00,2724.7400000000002
2021-06-20 00:00:00+00:00,2855.02
2021-06-21 00:00:00+00:00,2985.3
2021-06-22 00:00:00+00:00,1488.86
2021-06-23 00:00:00+00:00,1681.52
2021-06-24 00:00:00+00:00,909.38
2021-06-25 00:00:00+00:00,690.6800000000001
2021-06-26 00:00:00+00:00,734.2800000000001
2021-06-27 00:00:00+00:00,777.88
2021-06-28 00:00:00+00:00,821.48
2021-06-29 00:00:00+00:00,342.94
2021-06-30 00:00:00+00:00,1564.04
2021-07-01 00:00:00+00:00,508.1
2021-07-02 00:00:00+00:00,2741.48
2021-07-03 00:00:00+00:00,2534.2533333333336
2021-07-04 00:00:00+00:00,2327.0266666666666
2021-07-05 00:00:00+00:00,2119.8
2021-07-06 00:00:00+00:00,1742.68
2021-07-07 00:00:00+00:00,236.68
2021-07-08 00:00:00+00:00,347.46
2021-07-09 00:00:00+00:00,463.96
2021-07-10 00:00:00+00:00,655.2866666666666
2021-07-11 00:00:00+00:00,846.6133333333333
2021-07-12 00:00:00+00:00,1037.94
2021-07-13 00:00:00+00:00,240.72
2021-07-14 00:00:00+00:00,868.62
2021-07-15 00:00:00+00:00,339.94
2021-07-16 00:00:00+00:00,317.86
2021-07-17 00:00:00+00:00,382.66666666666663
2021-07-18 00:00:00+00:00,447.4733333333333
2021-07-19 00:00:00+00:00,512.28
2021-07-20 00:00:00+00:00,1452.92
2021-07-21 00:00:00+00:00,1626.46
2021-07-22 00:00:00+00:00,1534.66
2021-07-23 00:00:00+00:00,1334.27
2021-07-24 00:00:00+00:00,1069.4866666666667
2021-07-25 00:00:00+00:00,804.7033333333334
2021-07-26 00:00:00+00:00,539.9200000000001
2021-07-27 00:00:00+00:00,934.34
2021-07-28 00:00:00+00:00,165.06
2021-07-29 00:00:00+00:00,1239.68
2021-07-30 00:00:00+00:00,1021.92
2021-07-31 00:00:00+00:00,902.28
2021-08-01 00:00:00+00:00,782.64
2021-08-02 00:00:00+00:00,663.0
2021-08-03 00:00:00+00:00,640.94
2021-08-04 00:00:00+00:00,147.7
2021-08-05 00:00:00+00:00,1084.3
2021-08-06 00:00:00+00:00,854.7
2021-08-07 00:00:00+00:00,1092.5
2021-08-08 00:00:00+00:00,1330.3
2021-08-09 00:00:00+00:00,1568.1
2021-08-10 00:00:00+00:00,2375.52
2021-08-11 00:00:00+00:00,2419.7
2021-08-12 00:00:00+00:00,2141.06
2021-08-13 00:00:00+00:00,1942.98
2021-08-14 00:00:00+00:00,1510.5866666666666
2021-08-15 00:00:00+00:00,1078.1933333333334
2021-08-16 00:00:00+00:00,645.8
2021-08-17 00:00:00+00:00,366.36
2021-08-18 00:00:00+00:00,1827.04
2021-08-19 00:00:00+00:00,2327.96
2021-08-20 00:00:00+00:00,2752.36
2021-08-21 00:00:00+00:00,2613.0
2021-08-22 00:00:00+00:00,2473.6400000000003
2021-08-23 00:00:00+00:00,2334.28
2021-08-24 00:00:00+00:00,903.5
2021-08-25 00:00:00+00:00,1562.34
2021-08-26 00:00:00+00:00,1126.66
2021-08-27 00:00:00+00:00,544.3
2021-08-28 00:00:00+00:00,579.9133333333333
2021-08-29 00:00:00+00:00,615.5266666666666
2021-08-30 00:00:00+00:00,651.14
2021-08-31 00:00:00+00:00,828.66
2021-09-01 00:00:00+00:00,1536.14
2021-09-02 00:00:00+00:00,1861.72
2021-09-03 00:00:00+00:00,1988.72
2021-09-04 00:00:00+00:00,1763.6133333333335
2021-09-05 00:00:00+00:00,1538.5066666666667
2021-09-06 00:00:00+00:00,1313.4
2021-09-07 00:00:00+00:00,925.16
2021-09-08 00:00:00+00:00,1218.44
2021-09-09 00:00:00+00:00,1762.1399999999999
2021-09-10 00:00:00+00:00,573.8
2021-09-11 00:00:00+00:00,599.1933333333333
2021-09-12 00:00:00+00:00,624.5866666666667
2021-09-13 00:00:00+00:00,649.98
2021-09-14 00:00:00+00:00,1012.7
2021-09-15 00:00:00+00:00,1241.98
2021-09-16 00:00:00+00:00,689.12
2021-09-17 00:00:00+00:00,924.4
2021-09-18 00:00:00+00:00,736.48
2021-09-19 00:00:00+00:00,548.56
2021-09-20 00:00:00+00:00,360.64
2021-09-21 00:00:00+00:00,1117.1200000000001
2021-09-22 00:00:00+00:00,603.6
2021-09-23 00:00:00+00:00,797.6800000000001
2021-09-24 00:00:00+00:00,399.36
2021-09-25 00:00:00+00:00,573.74
2021-09-26 00:00:00+00:00,748.12
2021-09-27 00:00:00+00:00,922.5
2021-09-28 00:00:00+00:00,816.0
2021-09-29 00:00:00+00:00,555.0600000000001
2021-09-30 00:00:00+00:00,925.94
2021-10-01 00:00:00+00:00,1341.6200000000001
2021-10-02 00:00:00+00:00,1255.1133333333335
2021-10-03 00:00:00+00:00,1168.6066666666666
2021-10-04 00:00:00+00:00,1082.1
2021-10-05 00:00:00+00:00,631.8
2021-10-06 00:00:00+00:00,519.26
2021-10-07 00:00:00+00:00,760.18
2021-10-08 00:00:00+00:00,653.28
2021-10-09 00:00:00+00:00,955.0866666666667
2021-10-10 00:00:00+00:00,1256.8933333333334
2021-10-11 00:00:00+00:00,1558.7
2021-10-12 00:00:00+00:00,989.4399999999999
2021-10-13 00:00:00+00:00,525.04
2021-10-14 00:00:00+00:00,1025.56
2021-10-15 00:00:00+00:00,951.26
2021-10-16 00:00:00+00:00,1046.32
2021-10-17 00:00:00+00:00,1141.38
2021-10-18 00:00:00+00:00,1236.44
2021-10-19 00:00:00+00:00,920.36
2021-10-20 00:00:00+00:00,824.88
2021-10-21 00:00:00+00:00,509.04
2021-10-22 00:00:00+00:00,396.12
2021-10-23 00:00:00+00:00,643.5933333333334
2021-10-24 00:00:00+00:00,891.0666666666666
2021-10-25 00:00:00+00:00,1138.54
2021-10-26 00:00:00+00:00,1479.58
2021-10-27 00:00:00+00:00,1582.22
2021-10-28 00:00:00+00:00,2065.62
2021-10-29 00:00:00+00:00,981.38
2021-10-30 00:00:00+00:00,884.425
2021-10-31 00:00:00+00:00,787.47
2021-11-01 00:00:00+00:00,690.5150000000001
2021-11-02 00:00:00+00:00,593.5600000000001
2021-11-03 00:00:00+00:00,984.46
2021-11-04 00:00:00+00:00,582.27
2021-11-05 00:00:00+00:00,1773.06
2021-11-06 00:00:00+00:00,1805.6866666666667
2021-11-07 00:00:00+00:00,1838.3133333333333
2021-11-08 00:00:00+00:00,1870.94
2021-11-09 00:00:00+00:00,2455.2
2021-11-10 00:00:00+00:00,2448.75
2021-11-11 00:00:00+00:00,1291.52
2021-11-12 00:00:00+00:00,1392.34
2021-11-13 00:00:00+00:00,1281.34
2021-11-14 00:00:00+00:00,1170.34
2021-11-15 00:00:00+00:00,1059.34
2021-11-16 00:00:00+00:00,1922.88
2021-11-17 00:00:00+00:00,794.42
2021-11-18 00:00:00+00:00,1120.6
2021-11-19 00:00:00+00:00,654.38
2021-11-20 00:00:00+00:00,862.14
2021-11-21 00:00:00+00:00,1069.9
2021-11-22 00:00:00+00:00,1277.66
2021-11-23 00:00:00+00:00,1063.82
2021-11-24 00:00:00+00:00,1056.72
2021-11-25 00:00:00+00:00,1280.36
2021-11-26 00:00:00+00:00,177.64000000000001
2021-11-27 00:00:00+00:00,197.48000000000002
2021-11-28 00:00:00+00:00,217.32
2021-11-29 00:00:00+00:00,237.16
2021-11-30 00:00:00+00:00,270.94
2021-12-01 00:00:00+00:00,201.34
2021-12-02 00:00:00+00:00,693.2
2021-12-03 00:00:00+00:00,315.08
2021-12-04 00:00:00+00:00,647.86
2021-12-05 00:00:00+00:00,980.6400000000001
2021-12-06 00:00:00+00:00,1313.42
2021-12-07 00:00:00+00:00,850.92
2021-12-08 00:00:00+00:00,86.12
2021-12-09 00:00:00+00:00,408.16
2021-12-10 00:00:00+00:00,2086.6
2021-12-11 00:00:00+00:00,2222.56
2021-12-12 00:00:00+00:00,2358.52
2021-12-13 00:00:00+00:00,2494.48
2021-12-14 00:00:00+00:00,1658.82
2021-12-15 00:00:00+00:00,1076.4
2021-12-16 00:00:00+00:00,1363.6
2021-12-17 00:00:00+00:00,834.98
2021-12-18 00:00:00+00:00,1029.16
2021-12-19 00:00:00+00:00,1223.34
2021-12-20 00:00:00+00:00,1417.52
2021-12-21 00:00:00+00:00,1175.3
2021-12-22 00:00:00+00:00,510.86
2021-12-23 00:00:00+00:00,504.76
2021-12-24 00:00:00+00:00,436.40999999999997
2021-12-25 00:00:00+00:00,368.06
2021-12-26 00:00:00+00:00,299.71000000000004
2021-12-27 00:00:00+00:00,231.36
2021-12-28 00:00:00+00:00,216.08666666666667
2021-12-29 00:00:00+00:00,200.81333333333333
2021-12-30 00:00:00+00:00,185.54
2021-12-31 00:00:00+00:00,230.325
2022-01-01 00:00:00+00:00,275.11
2022-01-02 00:00:00+00:00,319.895
2022-01-03 00:00:00+00:00,364.68
2022-01-04 00:00:00+00:00,144.74
2022-01-05 00:00:00+00:00,151.52
2022-01-06 00:00:00+00:00,371.74
2022-01-07 00:00:00+00:00,133.66
2022-01-08 00:00:00+00:00,383.74666666666667
2022-01-09 00:00:00+00:00,633.8333333333334
2022-01-10 00:00:00+00:00,883.92
2022-01-11 00:00:00+00:00,1956.54
2022-01-12 00:00:00+00:00,1049.86
2022-01-13 00:00:00+00:00,1165.0
2022-01-14 00:00:00+00:00,1022.24
2022-01-15 00:00:00+00:00,919.1533333333333
2022-01-16 00:00:00+00:00,816.0666666666667
2022-01-17 00:00:00+00:00,712.98
2022-01-18 00:00:00+00:00,354.68
2022-01-19 00:00:00+00:00,1082.189
2022-01-20 00:00:00+00:00,428.40000000000003
2022-01-21 00:00:00+00:00,261.82
2022-01-22 00:00:00+00:00,418.61333333333334
2022-01-23 00:00:00+00:00,575.4066666666668
2022-01-24 00:00:00+00:00,732.2
2022-01-25 00:00:00+00:00,783.86
2022-01-26 00:00:00+00:00,471.52
2022-01-27 00:00:00+00:00,506.72
2022-01-28 00:00:00+00:00,143.56
2022-01-29 00:00:00+00:00,328.71333333333337
2022-01-30 00:00:00+00:00,513.8666666666668
2022-01-31 00:00:00+00:00,699.02
2022-02-01 00:00:00+00:00,190.84
2022-02-02 00:00:00+00:00,178.54
2022-02-03 00:00:00+00:00,1103.18
2022-02-04 00:00:00+00:00,1140.7
2022-02-05 00:00:00+00:00,914.9533333333334
2022-02-06 00:00:00+00:00,689.2066666666667
2022-02-07 00:00:00+00:00,463.46
2022-02-08 00:00:00+00:00,746.48
2022-02-09 00:00:00+00:00,483.68
2022-02-10 00:00:00+00:00,355.28
2022-02-11 00:00:00+00:00,87.58
2022-02-12 00:00:00+00:00,345.40666666666664
2022-02-13 00:00:00+00:00,603.2333333333333
2022-02-14 00:00:00+00:00,861.06
2022-02-15 00:00:00+00:00,195.52
2022-02-16 00:00:00+00:00,144.94
2022-02-17 00:00:00+00:00,396.46
2022-02-18 00:00:00+00:00,603.22
2022-02-19 00:00:00+00:00,521.0
2022-02-20 00:00:00+00:00,438.78000000000003
2022-02-21 00:00:00+00:00,356.56
2022-02-22 00:00:00+00:00,281.6
2022-02-23 00:00:00+00:00,1217.38
2022-02-24 00:00:00+00:00,1051.26
2022-02-25 00:00:00+00:00,120.4
2022-02-26 00:00:00+00:00,344.5
2022-02-27 00:00:00+00:00,568.6
2022-02-28 00:00:00+00:00,792.7
2022-03-01 00:00:00+00:00,977.34
2022-03-02 00:00:00+00:00,1082.0
2022-03-03 00:00:00+00:00,1111.84
2022-03-04 00:00:00+00:00,596.46
2022-03-05 00:00:00+00:00,649.8333333333334
2022-03-06 00:00:00+00:00,703.2066666666667
2022-03-07 00:00:00+00:00,756.58
2022-03-08 00:00:00+00:00,973.12
2022-03-09 00:00:00+00:00,703.44
2022-03-10 00:00:00+00:00,773.1
2022-03-11 00:00:00+00:00,443.94
2022-03-12 00:00:00+00:00,521.2533333333333
2022-03-13 00:00:00+00:00,598.5666666666666
2022-03-14 00:00:00+00:00,675.88
2022-03-15 00:00:00+00:00,625.74
2022-03-16 00:00:00+00:00,1278.04
2022-03-17 00:00:00+00:00,444.9
2022-03-18 00:00:00+00:00,451.84000000000003
2022-03-19 00:00:00+00:00,572.6466666666666
2022-03-20 00:00:00+00:00,693.4533333333334
2022-03-21 00:00:00+00:00,814.26
2022-03-22 00:00:00+00:00,612.58
2022-03-23 00:00:00+00:00,433.7
2022-03-24 00:00:00+00:00,524.9
2022-03-25 00:00:00+00:00,1384.04
2022-03-26 00:00:00+00:00,1135.8266666666666
2022-03-27 00:00:00+00:00,887.6133333333332
2022-03-28 00:00:00+00:00,639.4
2022-03-29 00:00:00+00:00,1044.46
2022-03-30 00:00:00+00:00,633.2
2022-03-31 00:00:00+00:00,619.84
2022-04-01 00:00:00+00:00,307.94
2022-04-02 00:00:00+00:00,308.87333333333333
2022-04-03 00:00:00+00:00,309.8066666666667
2022-04-04 00:00:00+00:00,310.74
2022-04-05 00:00:00+00:00,918.56
2022-04-06 00:00:00+00:00,1862.82
2022-04-07 00:00:00+00:00,1801.88
2022-04-08 00:00:00+00:00,322.32
2022-04-09 00:00:00+00:00,948.8366666666666
2022-04-10 00:00:00+00:00,1575.3533333333332
2022-04-11 00:00:00+00:00,2201.87
2022-04-12 00:00:00+00:00,662.66
2022-04-13 00:00:00+00:00,1075.98
2022-04-14 00:00:00+00:00,1317.6
2022-04-15 00:00:00+00:00,1290.624
2022-04-16 00:00:00+00:00,1263.648
2022-04-17 00:00:00+00:00,1236.672
2022-04-18 00:00:00+00:00,1209.696
2022-04-19 00:00:00+00:00,1182.72
2022-04-20 00:00:00+00:00,876.28
2022-04-21 00:00:00+00:00,967.83
2022-04-22 00:00:00+00:00,1718.52
2022-04-23 00:00:00+00:00,1530.3
2022-04-24 00:00:00+00:00,1342.08
2022-04-25 00:00:00+00:00,1153.86
2022-04-26 00:00:00+00:00,371.74
2022-04-27 00:00:00+00:00,1948.1200000000001
2022-04-28 00:00:00+00:00,1786.22
2022-04-29 00:00:00+00:00,944.22
2022-04-30 00:00:00+00:00,1300.7533333333333
2022-05-01 00:00:00+00:00,1657.2866666666666
2022-05-02 00:00:00+00:00,2013.82
2022-05-03 00:00:00+00:00,1652.26
2022-05-04 00:00:00+00:00,2209.38
2022-05-05 00:00:00+00:00,973.82
2022-05-06 00:00:00+00:00,967.46
2022-05-07 00:00:00+00:00,1552.726666666667
2022-05-08 00:00:00+00:00,2137.993333333334
2022-05-09 00:00:00+00:00,2723.26
2022-05-10 00:00:00+00:00,1307.32
2022-05-11 00:00:00+00:00,898.54
2022-05-12 00:00:00+00:00,969.74
2022-05-13 00:00:00+00:00,601.84
2022-05-14 00:00:00+00:00,684.2333333333333
2022-05-15 00:00:00+00:00,766.6266666666667
2022-05-16 00:00:00+00:00,849.02
2022-05-17 00:00:00+00:00,974.86
2022-05-18 00:00:00+00:00,735.02
2022-05-19 00:00:00+00:00,820.52
2022-05-20 00:00:00+00:00,1188.12
2022-05-21 00:00:00+00:00,1214.7266666666667
2022-05-22 00:00:00+00:00,1241.3333333333333
2022-05-23 00:00:00+00:00,1267.94
2022-05-24 00:00:00+00:00,566.52
2022-05-25 00:00:00+00:00,432.1
2022-05-26 00:00:00+00:00,294.06
2022-05-27 00:00:00+00:00,156.02
2022-05-28 00:00:00+00:00,1023.7333333333332
2022-05-29 00:00:00+00:00,1891.4466666666665
2022-05-30 00:00:00+00:00,2759.16
2022-05-31 00:00:00+00:00,2418.7
2022-06-01 00:00:00+00:00,2523.98
2022-06-02 00:00:00+00:00,1615.4
2022-06-03 00:00:00+00:00,1319.5
2022-06-04 00:00:00+00:00,1086.5149999999999
2022-06-05 00:00:00+00:00,853.53
2022-06-06 00:00:00+00:00,620.545
2022-06-07 00:00:00+00:00,387.56
2022-06-08 00:00:00+00:00,1564.58
2022-06-09 00:00:00+00:00,1066.54
2022-06-10 00:00:00+00:00,1492.7
2022-06-11 00:00:00+00:00,1360.9566666666667
2022-06-12 00:00:00+00:00,1229.2133333333334
2022-06-13 00:00:00+00:00,1097.47
2022-06-14 00:00:00+00:00,2004.29
2022-06-15 00:00:00+00:00,1806.11
2022-06-16 00:00:00+00:00,1772.94
2022-06-17 00:00:00+00:00,1232.08
2022-06-18 00:00:00+00:00,1076.0533333333333
2022-06-19 00:00:00+00:00,920.0266666666666
2022-06-20 00:00:00+00:00,764.0
2022-06-21 00:00:00+00:00,1093.66
2022-06-22 00:00:00+00:00,840.5
2022-06-23 00:00:00+00:00,1367.08
2022-06-24 00:00:00+00:00,686.26
2022-06-25 00:00:00+00:00,1168.0066666666667
2022-06-26 00:00:00+00:00,1649.7533333333333
2022-06-27 00:00:00+00:00,2131.5
2022-06-28 00:00:00+00:00,2163.12
2022-06-29 00:00:00+00:00,1638.1
2022-06-30 00:00:00+00:00,1618.6200000000001
2022-07-01 00:00:00+00:00,197.14000000000001
2022-07-02 00:00:00+00:00,619.8533333333332
2022-07-03 00:00:00+00:00,1042.5666666666666
2022-07-04 00:00:00+00:00,1465.28
2022-07-05 00:00:00+00:00,1139.72
2022-07-06 00:00:00+00:00,885.6
2022-07-07 00:00:00+00:00,735.47
2022-07-08 00:00:00+00:00,790.2
2022-07-09 00:00:00+00:00,903.2533333333333
2022-07-10 00:00:00+00:00,1016.3066666666666
2022-07-11 00:00:00+00:00,1129.36
2022-07-12 00:00:00+00:00,971.36
2022-07-13 00:00:00+00:00,835.42
2022-07-14 00:00:00+00:00,2292.18
2022-07-15 00:00:00+00:00,882.94
2022-07-16 00:00:00+00:00,1159.7
2022-07-17 00:00:00+00:00,1436.46
2022-07-18 00:00:00+00:00,1713.22
2022-07-19 00:00:00+00:00,753.96
2022-07-20 00:00:00+00:00,1054.02
2022-07-21 00:00:00+00:00,1318.74
2022-07-22 00:00:00+00:00,1564.48
2022-07-23 00:00:00+00:00,1534.3533333333332
2022-07-24 00:00:00+00:00,1504.2266666666667
2022-07-25 00:00:00+00:00,1474.1
2022-07-26 00:00:00+00:00,721.4
2022-07-27 00:00:00+00:00,1499.3
2022-07-28 00:00:00+00:00,1272.7
2022-07-29 00:00:00+00:00,704.6800000000001
2022-07-30 00:00:00+00:00,673.895
2022-07-31 00:00:00+00:00,643.11
2022-08-01 00:00:00+00:00,612.325
2022-08-02 00:00:00+00:00,581.54
2022-08-03 00:00:00+00:00,855.98
2022-08-04 00:00:00+00:00,805.12
2022-08-05 00:00:00+00:00,501.5
2022-08-06 00:00:00+00:00,530.4466666666667
2022-08-07 00:00:00+00:00,559.3933333333333
2022-08-08 00:00:00+00:00,588.34
2022-08-09 00:00:00+00:00,400.22
2022-08-10 00:00:00+00:00,270.08
2022-08-11 00:00:00+00:00,622.16
2022-08-12 00:00:00+00:00,475.58
2022-08-13 00:00:00+00:00,483.78
2022-08-14 00:00:00+00:00,491.98
2022-08-15 00:00:00+00:00,500.18
2022-08-16 00:00:00+00:00,532.62
2022-08-17 00:00:00+00:00,623.04
2022-08-18 00:00:00+00:00,385.18
2022-08-19 00:00:00+00:00,99.68
2022-08-20 00:00:00+00:00,640.8866666666665
2022-08-21 00:00:00+00:00,1182.0933333333332
2022-08-22 00:00:00+00:00,1723.3
2022-08-23 00:00:00+00:00,1131.04
2022-08-24 00:00:00+00:00,729.8
2022-08-25 00:00:00+00:00,679.62
2022-08-26 00:00:00+00:00,582.08
2022-08-27 00:00:00+00:00,776.44
2022-08-28 00:00:00+00:00,970.8000000000002
2022-08-29 00:00:00+00:00,1165.16
2022-08-30 00:00:00+00:00,718.6800000000001
2022-08-31 00:00:00+00:00,270.44
2022-09-01 00:00:00+00:00,1058.3
2022-09-02 00:00:00+00:00,488.9
2022-09-03 00:00:00+00:00,732.3066666666666
2022-09-04 00:00:00+00:00,975.7133333333331
2022-09-05 00:00:00+00:00,1219.12
2022-09-06 00:00:00+00:00,624.1
2022-09-07 00:00:00+00:00,751.08
2022-09-08 00:00:00+00:00,1003.82
2022-09-09 00:00:00+00:00,1447.5
2022-09-10 00:00:00+00:00,1497.1666666666667
2022-09-11 00:00:00+00:00,1546.8333333333333
2022-09-12 00:00:00+00:00,1596.5
2022-09-13 00:00:00+00:00,866.4
2022-09-14 00:00:00+00:00,1194.6
2022-09-15 00:00:00+00:00,855.5
2022-09-16 00:00:00+00:00,236.7
2022-09-17 00:00:00+00:00,604.4733333333334
2022-09-18 00:00:00+00:00,972.2466666666667
2022-09-19 00:00:00+00:00,1340.02
2022-09-20 00:00:00+00:00,1440.82
2022-09-21 00:00:00+00:00,924.36
2022-09-22 00:00:00+00:00,1144.1200000000001
2022-09-23 00:00:00+00:00,468.76
2022-09-24 00:00:00+00:00,710.8533333333332
2022-09-25 00:00:00+00:00,952.9466666666666
2022-09-26 00:00:00+00:00,1195.04
2022-09-27 00:00:00+00:00,275.38
2022-09-28 00:00:00+00:00,465.44
2022-09-29 00:00:00+00:00,384.72
2022-09-30 00:00:00+00:00,1113.74
2022-10-01 00:00:00+00:00,1024.44
2022-10-02 00:00:00+00:00,935.14
2022-10-03 00:00:00+00:00,845.84
2022-10-04 00:00:00+00:00,1671.08
2022-10-05 00:00:00+00:00,1172.92
2022-10-06 00:00:00+00:00,3490.32
2022-10-07 00:00:00+00:00,909.22
2022-10-08 00:00:00+00:00,1268.4466666666667
2022-10-09 00:00:00+00:00,1627.6733333333334
2022-10-10 00:00:00+00:00,1986.9
2022-10-11 00:00:00+00:00,1987.9
2022-10-12 00:00:00+00:00,972.26
2022-10-13 00:00:00+00:00,1130.05
2022-10-14 00:00:00+00:00,883.86
2022-10-15 00:00:00+00:00,929.5466666666666
2022-10-16 00:00:00+00:00,975.2333333333333
2022-10-17 00:00:00+00:00,1020.92
2022-10-18 00:00:00+00:00,1398.72
2022-10-19 00:00:00+00:00,1811.76
2022-10-20 00:00:00+00:00,889.48
2022-10-21 00:00:00+00:00,570.12
2022-10-22 00:00:00+00:00,567.5333333333333
2022-10-23 00:00:00+00:00,564.9466666666667
2022-10-24 00:00:00+00:00,562.36
2022-10-25 00:00:00+00:00,1055.52
2022-10-26 00:00:00+00:00,1250.28
2022-10-27 00:00:00+00:00,929.1
2022-10-28 00:00:00+00:00,952.6
2022-10-29 00:00:00+00:00,819.8933333333333
2022-10-30 00:00:00+00:00,687.1866666666667
2022-10-31 00:00:00+00:00,554.48
2022-11-01 00:00:00+00:00,761.88
2022-11-02 00:00:00+00:00,969.28
2022-11-03 00:00:00+00:00,1546.03
2022-11-04 00:00:00+00:00,1185.3799999999999
2022-11-05 00:00:00+00:00,1226.1
2022-11-06 00:00:00+00:00,1266.82
2022-11-07 00:00:00+00:00,1307.54
2022-11-08 00:00:00+00:00,1299.92
2022-11-09 00:00:00+00:00,776.2
2022-11-10 00:00:00+00:00,890.38
2022-11-11 00:00:00+00:00,1431.24
2022-11-12 00:00:00+00:00,1241.5266666666666
2022-11-13 00:00:00+00:00,1051.8133333333333
2022-11-14 00:00:00+00:00,862.1
2022-11-15 00:00:00+00:00,1624.56
2022-11-16 00:00:00+00:00,1411.4
2022-11-17 00:00:00+00:00,1775.26
2022-11-18 00:00:00+00:00,337.1
2022-11-19 00:00:00+00:00,773.3800000000001
2022-11-20 00:00:00+00:00,1209.66
2022-11-21 00:00:00+00:00,1645.94
2022-11-22 00:00:00+00:00,604.92
2022-11-23 00:00:00+00:00,1633.26
2022-11-24 00:00:00+00:00,932.96
2022-11-25 00:00:00+00:00,1827.9
2022-11-26 00:00:00+00:00,1997.4466666666667
2022-11-27 00:00:00+00:00,2166.9933333333333
2022-11-28 00:00:00+00:00,2336.54
2022-11-29 00:00:00+00:00,1251.1
2022-11-30 00:00:00+00:00,1807.6
2022-12-01 00:00:00+00:00,1807.1
2022-12-02 00:00:00+00:00,1440.46
2022-12-03 00:00:00+00:00,1228.76
2022-12-04 00:00:00+00:00,1017.06
2022-12-05 00:00:00+00:00,805.36
2022-12-06 00:00:00+00:00,1043.16
2022-12-07 00:00:00+00:00,1099.36
2022-12-08 00:00:00+00:00,1478.06
2022-12-09 00:00:00+00:00,961.78
2022-12-10 00:00:00+00:00,837.5666666666666
2022-12-11 00:00:00+00:00,713.3533333333332
2022-12-12 00:00:00+00:00,589.14
2022-12-13 00:00:00+00:00,956.6800000000001
2022-12-14 00:00:00+00:00,406.44
2022-12-15 00:00:00+00:00,728.34
2022-12-16 00:00:00+00:00,141.6
2022-12-17 00:00:00+00:00,336.64666666666665
2022-12-18 00:00:00+00:00,531.6933333333333
2022-12-19 00:00:00+00:00,726.74
2022-12-20 00:00:00+00:00,919.46
2022-12-21 00:00:00+00:00,1255.24
2022-12-22 00:00:00+00:00,1133.06
2022-12-23 00:00:00+00:00,240.88
2022-12-24 00:00:00+00:00,225.125
2022-12-25 00:00:00+00:00,209.37
2022-12-26 00:00:00+00:00,193.615
2022-12-27 00:00:00+00:00,177.86
2022-12-28 00:00:00+00:00,177.93333333333334
2022-12-29 00:00:00+00:00,178.0066666666667
2022-12-30 00:00:00+00:00,178.08
2022-12-31 00:00:00+00:00,210.35500000000002
2023-01-01 00:00:00+00:00,242.63
2023-01-02 00:00:00+00:00,274.905
2023-01-03 00:00:00+00:00,307.18
2023-01-04 00:00:00+00:00,82.19999999999999
2023-01-05 00:00:00+00:00,155.98
2023-01-06 00:00:00+00:00,250.5
2023-01-07 00:00:00+00:00,309.76
2023-01-08 00:00:00+00:00,369.02
2023-01-09 00:00:00+00:00,428.28
2023-01-10 00:00:00+00:00,503.28000000000003
2023-01-11 00:00:00+00:00,566.0
2023-01-12 00:00:00+00:00,557.61
2023-01-13 00:00:00+00:00,249.28
2023-01-14 00:00:00+00:00,457.85333333333335
2023-01-15 00:00:00+00:00,666.4266666666667
2023-01-16 00:00:00+00:00,875.0
2023-01-17 00:00:00+00:00,573.52
2023-01-18 00:00:00+00:00,553.28
2023-01-19 00:00:00+00:00,1079.5
2023-01-20 00:00:00+00:00,268.86
2023-01-21 00:00:00+00:00,495.90666666666664
2023-01-22 00:00:00+00:00,722.9533333333334
2023-01-23 00:00:00+00:00,950.0
2023-01-24 00:00:00+00:00,609.02
2023-01-25 00:00:00+00:00,611.08
2023-01-26 00:00:00+00:00,1247.58
2023-01-27 00:00:00+00:00,923.34
2023-01-28 00:00:00+00:00,812.4200000000001
2023-01-29 00:00:00+00:00,701.5
2023-01-30 00:00:00+00:00,590.58
2023-01-31 00:00:00+00:00,560.4
2023-02-01 00:00:00+00:00,757.64
2023-02-02 00:00:00+00:00,1520.0
2023-02-03 00:00:00+00:00,1086.3
2023-02-04 00:00:00+00:00,896.9666666666667
2023-02-05 00:00:00+00:00,707.6333333333333
2023-02-06 00:00:00+00:00,518.3
2023-02-07 00:00:00+00:00,977.72
2023-02-08 00:00:00+00:00,1492.6200000000001
2023-02-09 00:00:00+00:00,1549.4
2023-02-10 00:00:00+00:00,699.48
2023-02-11 00:00:00+00:00,820.6733333333333
2023-02-12 00:00:00+00:00,941.8666666666667
2023-02-13 00:00:00+00:00,1063.06
2023-02-14 00:00:00+00:00,1868.18
2023-02-15 00:00:00+00:00,937.94
2023-02-16 00:00:00+00:00,1133.46
2023-02-17 00:00:00+00:00,1111.2
2023-02-18 00:00:00+00:00,1115.5066666666667
2023-02-19 00:00:00+00:00,1119.8133333333335
2023-02-20 00:00:00+00:00,1124.1200000000001
2023-02-21 00:00:00+00:00,1389.08
2023-02-22 00:00:00+00:00,908.72
2023-02-23 00:00:00+00:00,621.2
2023-02-24 00:00:00+00:00,846.96
2023-02-25 00:00:00+00:00,819.6800000000001
2023-02-26 00:00:00+00:00,792.4
2023-02-27 00:00:00+00:00,765.12
2023-02-28 00:00:00+00:00,824.62
2023-03-01 00:00:00+00:00,794.8
2023-03-02 00:00:00+00:00,1030.28
2023-03-03 00:00:00+00:00,735.22
2023-03-04 00:00:00+00:00,786.0933333333334
2023-03-05 00:00:00+00:00,836.9666666666667
2023-03-06 00:00:00+00:00,887.84
2023-03-07 00:00:00+00:00,887.76
2023-03-08 00:00:00+00:00,837.14
2023-03-09 00:00:00+00:00,703.96
2023-03-10 00:00:00+00:00,503.42
2023-03-11 00:00:00+00:00,884.8799999999999
2023-03-12 00:00:00+00:00,1266.34
2023-03-13 00:00:00+00:00,1647.8
2023-03-14 00:00:00+00:00,501.88
2023-03-15 00:00:00+00:00,787.48
2023-03-16 00:00:00+00:00,912.38
2023-03-17 00:00:00+00:00,1020.74
2023-03-18 00:00:00+00:00,893.0466666666666
2023-03-19 00:00:00+00:00,765.3533333333334
2023-03-20 00:00:00+00:00,637.66
2023-03-21 00:00:00+00:00,1326.34
2023-03-22 00:00:00+00:00,1435.0
2023-03-23 00:00:00+00:00,1734.1
2023-03-24 00:00:00+00:00,111.39999999999999
2023-03-25 00:00:00+00:00,202.82666666666665
2023-03-26 00:00:00+00:00,294.25333333333333
2023-03-27 00:00:00+00:00,385.68
2023-03-28 00:00:00+00:00,892.62
2023-03-29 00:00:00+00:00,1554.92
2023-03-30 00:00:00+00:00,594.08
2023-03-31 00:00:00+00:00,292.62
2023-04-01 00:00:00+00:00,428.73333333333335
2023-04-02 00:00:00+00:00,564.8466666666667
2023-04-03 00:00:00+00:00,700.96
2023-04-04 00:00:00+00:00,1896.24
2023-04-05 00:00:00+00:00,1074.6
2023-04-06 00:00:00+00:00,1126.0
2023-04-07 00:00:00+00:00,984.48
2023-04-08 00:00:00+00:00,842.96
2023-04-09 00:00:00+00:00,701.44
2023-04-10 00:00:00+00:00,559.92
2023-04-11 00:00:00+00:00,418.4
2023-04-12 00:00:00+00:00,465.32
2023-04-13 00:00:00+00:00,435.15999999999997
2023-04-14 00:00:00+00:00,851.26
2023-04-15 00:00:00+00:00,836.0866666666667
2023-04-16 00:00:00+00:00,820.9133333333333
2023-04-17 00:00:00+00:00,805.74
2023-04-18 00:00:00+00:00,1890.42
2023-04-19 00:00:00+00:00,1795.28
2023-04-20 00:00:00+00:00,536.36
2023-04-21 00:00:00+00:00,623.6
2023-04-22 00:00:00+00:00,644.3866666666667
2023-04-23 00:00:00+00:00,665.1733333333334
2023-04-24 00:00:00+00:00,685.96
2023-04-25 00:00:00+00:00,428.22
2023-04-26 00:00:00+00:00,1726.78
2023-04-27 00:00:00+00:00,2277.42
2023-04-28 00:00:00+00:00,268.86
2023-04-29 00:00:00+00:00,349.12
2023-04-30 00:00:00+00:00,429.38
2023-05-01 00:00:00+00:00,509.64
2023-05-02 00:00:00+00:00,1576.42
2023-05-03 00:00:00+00:00,2361.22
2023-05-04 00:00:00+00:00,1682.82
2023-05-05 00:00:00+00:00,1484.32
2023-05-06 00:00:00+00:00,1228.36
2023-05-07 00:00:00+00:00,972.4000000000001
2023-05-08 00:00:00+00:00,716.44
2023-05-09 00:00:00+00:00,1567.28
2023-05-10 00:00:00+00:00,555.52
2023-05-11 00:00:00+00:00,376.46
2023-05-12 00:00:00+00:00,241.34
2023-05-13 00:00:00+00:00,623.2633333333333
2023-05-14 00:00:00+00:00,1005.1866666666667
2023-05-15 00:00:00+00:00,1387.11
2023-05-16 00:00:00+00:00,979.32
2023-05-17 00:00:00+00:00,414.46
2023-05-18 00:00:00+00:00,285.51
2023-05-19 00:00:00+00:00,156.56
2023-05-20 00:00:00+00:00,557.9733333333334
2023-05-21 00:00:00+00:00,959.3866666666665
2023-05-22 00:00:00+00:00,1360.8
2023-05-23 00:00:00+00:00,1929.18
2023-05-24 00:00:00+00:00,334.3
2023-05-25 00:00:00+00:00,1294.2
2023-05-26 00:00:00+00:00,1692.78
2023-05-27 00:00:00+00:00,1599.0149999999999
2023-05-28 00:00:00+00:00,1505.25
2023-05-29 00:00:00+00:00,1411.4850000000001
2023-05-30 00:00:00+00:00,1317.72
2023-05-31 00:00:00+00:00,1707.5
2023-06-01 00:00:00+00:00,1286.72
2023-06-02 00:00:00+00:00,1198.26
2023-06-03 00:00:00+00:00,1149.6333333333332
2023-06-04 00:00:00+00:00,1101.0066666666667
2023-06-05 00:00:00+00:00,1052.3799999999999
2023-06-06 00:00:00+00:00,760.82
2023-06-07 00:00:00+00:00,1039.78
2023-06-08 00:00:00+00:00,1076.78
2023-06-09 00:00:00+00:00,1906.4
2023-06-10 00:00:00+00:00,1523.0866666666668
2023-06-11 00:00:00+00:00,1139.7733333333335
2023-06-12 00:00:00+00:00,756.46
2023-06-13 00:00:00+00:00,786.22
2023-06-14 00:00:00+00:00,1281.1200000000001
2023-06-15 00:00:00+00:00,1015.2
2023-06-16 00:00:00+00:00,784.62
2023-06-17 00:00:00+00:00,903.9666666666667
2023-06-18 00:00:00+00:00,1023.3133333333334
2023-06-19 00:00:00+00:00,1142.66
2023-06-20 00:00:00+00:00,972.86
2023-06-21 00:00:00+00:00,1354.32
2023-06-22 00:00:00+00:00,1209.32
2023-06-23 00:00:00+00:00,364.9
2023-06-24 00:00:00+00:00,437.70666666666665
2023-06-25 00:00:00+00:00,510.5133333333333
2023-06-26 00:00:00+00:00,583.32
2023-06-27 00:00:00+00:00,948.6
2023-06-28 00:00:00+00:00,1272.2
2023-06-29 00:00:00+00:00,1682.86
2023-06-30 00:00:00+00:00,966.04
2023-07-01 00:00:00+00:00,1039.5866666666666
2023-07-02 00:00:00+00:00,1113.1333333333334
2023-07-03 00:00:00+00:00,1186.68
2023-07-04 00:00:00+00:00,687.22
2023-07-05 00:00:00+00:00,818.96
2023-07-06 00:00:00+00:00,1606.1
2023-07-07 00:00:00+00:00,600.32
2023-07-08 00:00:00+00:00,944.2066666666667
2023-07-09 00:00:00+00:00,1288.0933333333332
2023-07-10 00:00:00+00:00,1631.98
2023-07-11 00:00:00+00:00,988.88
2023-07-12 00:00:00+00:00,792.16
2023-07-13 00:00:00+00:00,480.14
2023-07-14 00:00:00+00:00,1218.24
2023-07-15 00:00:00+00:00,1279.2733333333333
2023-07-16 00:00:00+00:00,1340.3066666666666
2023-07-17 00:00:00+00:00,1401.34
2023-07-18 00:00:00+00:00,1192.94
2023-07-19 00:00:00+00:00,1098.96
2023-07-20 00:00:00+00:00,1490.86
2023-07-21 00:00:00+00:00,708.52
2023-07-22 00:00:00+00:00,940.7066666666667
2023-07-23 00:00:00+00:00,1172.8933333333334
2023-07-24 00:00:00+00:00,1405.08
2023-07-25 00:00:00+00:00,333.74
2023-07-26 00:00:00+00:00,563.34
2023-07-27 00:00:00+00:00,835.5
2023-07-28 00:00:00+00:00,1037.64
2023-07-29 00:00:00+00:00,1012.464
2023-07-30 00:00:00+00:00,987.288
2023-07-31 00:00:00+00:00,962.1120000000001
2023-08-01 00:00:00+00:00,936.936
2023-08-02 00:00:00+00:00,911.76
2023-08-03 00:00:00+00:00,1010.1
2023-08-04 00:00:00+00:00,970.14
2023-08-05 00:00:00+00:00,957.9
2023-08-06 00:00:00+00:00,945.66
2023-08-07 00:00:00+00:00,933.42
2023-08-08 00:00:00+00:00,1178.72
2023-08-09 00:00:00+00:00,1022.4
2023-08-10 00:00:00+00:00,1544.74
2023-08-11 00:00:00+00:00,697.98
2023-08-12 00:00:00+00:00,794.5533333333334
2023-08-13 00:00:00+00:00,891.1266666666667
2023-08-14 00:00:00+00:00,987.7
2023-08-15 00:00:00+00:00,1516.44
2023-08-16 00:00:00+00:00,995.12
2023-08-17 00:00:00+00:00,1309.58
2023-08-18 00:00:00+00:00,769.22
2023-08-19 00:00:00+00:00,852.46
2023-08-20 00:00:00+00:00,935.7
2023-08-21 00:00:00+00:00,1018.9399999999999
2023-08-22 00:00:00+00:00,748.32
2023-08-23 00:00:00+00:00,706.96
2023-08-24 00:00:00+00:00,1006.16
2023-08-25 00:00:00+00:00,948.82
2023-08-26 00:00:00+00:00,682.2866666666666
2023-08-27 00:00:00+00:00,415.75333333333333
2023-08-28 00:00:00+00:00,149.22
2023-08-29 00:00:00+00:00,111.88
2023-08-30 00:00:00+00:00,485.02
2023-08-31 00:00:00+00:00,1111.58
2023-09-01 00:00:00+00:00,2334.22
2023-09-02 00:00:00+00:00,1908.7999999999997
2023-09-03 00:00:00+00:00,1483.3799999999999
2023-09-04 00:00:00+00:00,1057.96
2023-09-05 00:00:00+00:00,2371.9
2023-09-06 00:00:00+00:00,724.62
2023-09-07 00:00:00+00:00,705.46
2023-09-08 00:00:00+00:00,888.58
2023-09-09 00:00:00+00:00,968.7
2023-09-10 00:00:00+00:00,1048.8200000000002
2023-09-11 00:00:00+00:00,1128.94
2023-09-12 00:00:00+00:00,1391.2
2023-09-13 00:00:00+00:00,1005.2
2023-09-14 00:00:00+00:00,914.5600000000001
2023-09-15 00:00:00+00:00,828.74
2023-09-16 00:00:00+00:00,909.42
2023-09-17 00:00:00+00:00,990.1
2023-09-18 00:00:00+00:00,1070.78
2023-09-19 00:00:00+00:00,2822.34
2023-09-20 00:00:00+00:00,1607.68
2023-09-21 00:00:00+00:00,2080.0
2023-09-22 00:00:00+00:00,152.18
2023-09-23 00:00:00+00:00,1049.8133333333333
2023-09-24 00:00:00+00:00,1947.4466666666667
2023-09-25 00:00:00+00:00,2845.08
2023-09-26 00:00:00+00:00,3084.46
2023-09-27 00:00:00+00:00,2375.38
2023-09-28 00:00:00+00:00,1999.72
2023-09-29 00:00:00+00:00,1361.44
2023-09-30 00:00:00+00:00,1478.8733333333334
2023-10-01 00:00:00+00:00,1596.3066666666666
2023-10-02 00:00:00+00:00,1713.74
2023-10-03 00:00:00+00:00,1426.18
2023-10-04 00:00:00+00:00,2041.76
2023-10-05 00:00:00+00:00,1405.02
2023-10-06 00:00:00+00:00,865.6
2023-10-07 00:00:00+00:00,1039.0333333333333
2023-10-08 00:00:00+00:00,1212.4666666666667
2023-10-09 00:00:00+00:00,1385.9
2023-10-10 00:00:00+00:00,1107.22
2023-10-11 00:00:00+00:00,1231.5
2023-10-12 00:00:00+00:00,995.58
2023-10-13 00:00:00+00:00,523.8
2023-10-14 00:00:00+00:00,732.5
2023-10-15 00:00:00+00:00,941.2
2023-10-16 00:00:00+00:00,1149.9
2023-10-17 00:00:00+00:00,1756.74
2023-10-18 00:00:00+00:00,1462.02
2023-10-19 00:00:00+00:00,681.52
2023-10-20 00:00:00+00:00,550.8
2023-10-21 00:00:00+00:00,522.36
2023-10-22 00:00:00+00:00,493.92
2023-10-23 00:00:00+00:00,465.48
2023-10-24 00:00:00+00:00,595.64
2023-10-25 00:00:00+00:00,497.08
2023-10-26 00:00:00+00:00,327.68
2023-10-27 00:00:00+00:00,134.72
2023-10-28 00:00:00+00:00,626.74
2023-10-29 00:00:00+00:00,1118.76
2023-10-30 00:00:00+00:00,1610.78
2023-10-31 00:00:00+00:00,1071.5
2023-11-01 00:00:00+00:00,1062.25
2023-11-02 00:00:00+00:00,1053.0
2023-11-03 00:00:00+00:00,244.58
2023-11-04 00:00:00+00:00,698.4866666666667
2023-11-05 00:00:00+00:00,1152.3933333333334
2023-11-06 00:00:00+00:00,1606.3
2023-11-07 00:00:00+00:00,1584.32
2023-11-08 00:00:00+00:00,1612.4
2023-11-09 00:00:00+00:00,2022.04
2023-11-10 00:00:00+00:00,228.94
2023-11-11 00:00:00+00:00,338.76666666666665
2023-11-12 00:00:00+00:00,448.5933333333333
2023-11-13 00:00:00+00:00,558.42
2023-11-14 00:00:00+00:00,258.37
2023-11-15 00:00:00+00:00,510.28000000000003
2023-11-16 00:00:00+00:00,2165.74
2023-11-17 00:00:00+00:00,240.36
2023-11-18 00:00:00+00:00,663.72
2023-11-19 00:00:00+00:00,1087.08
2023-11-20 00:00:00+00:00,1510.44
2023-11-21 00:00:00+00:00,370.66
2023-11-22 00:00:00+00:00,352.28000000000003
2023-11-23 00:00:00+00:00,2255.74
2023-11-24 00:00:00+00:00,171.68
2023-11-25 00:00:00+00:00,878.0066666666667
2023-11-26 00:00:00+00:00,1584.3333333333335
2023-11-27 00:00:00+00:00,2290.66
2023-11-28 00:00:00+00:00,135.6
2023-11-29 00:00:00+00:00,2003.32
2023-11-30 00:00:00+00:00,182.8
2023-12-01 00:00:00+00:00,198.48
2023-12-02 00:00:00+00:00,969.8799999999999
2023-12-03 00:00:00+00:00,1741.2799999999997
2023-12-04 00:00:00+00:00,2512.68
2023-12-05 00:00:00+00:00,2468.48
2023-12-06 00:00:00+00:00,1810.4
2023-12-07 00:00:00+00:00,1025.32
2023-12-08 00:00:00+00:00,554.6
2023-12-09 00:00:00+00:00,462.35333333333335
2023-12-10 00:00:00+00:00,370.1066666666667
2023-12-11 00:00:00+00:00,277.86
2023-12-12 00:00:00+00:00,122.74
2023-12-13 00:00:00+00:00,228.64
2023-12-14 00:00:00+00:00,594.9
2023-12-15 00:00:00+00:00,318.84
2023-12-16 00:00:00+00:00,1128.8466666666666
2023-12-17 00:00:00+00:00,1938.8533333333332
2023-12-18 00:00:00+00:00,2748.86
2023-12-19 00:00:00+00:00,2717.18
2023-12-20 00:00:00+00:00,298.82
2023-12-21 00:00:00+00:00,191.28
2023-12-22 00:00:00+00:00,471.56
2023-12-23 00:00:00+00:00,436.39666666666665
2023-12-24 00:00:00+00:00,401.23333333333335
2023-12-25 00:00:00+00:00,366.07
2023-12-26 00:00:00+00:00,330.90666666666664
2023-12-27 00:00:00+00:00,295.74333333333334
2023-12-28 00:00:00+00:00,260.58
2023-12-29 00:00:00+00:00,268.44666666666666
2023-12-30 00:00:00+00:00,276.31333333333333
2023-12-31 00:00:00+00:00,284.17999999999995
2024-01-01 00:00:00+00:00,292.0466666666666
2024-01-02 00:00:00+00:00,299.9133333333333
2024-01-03 00:00:00+00:00,307.78
2024-01-04 00:00:00+00:00,317.284
2024-01-05 00:00:00+00:00,326.788
2024-01-06 00:00:00+00:00,336.292
2024-01-07 00:00:00+00:00,345.796
2024-01-08 00:00:00+00:00,355.3
2024-01-09 00:00:00+00:00,2737.18
2024-01-10 00:00:00+00:00,2483.2
2024-01-11 00:00:00+00:00,2586.601
2024-01-12 00:00:00+00:00,1410.62
2024-01-13 00:00:00+00:00,1573.5733333333333
2024-01-14 00:00:00+00:00,1736.5266666666666
2024-01-15 00:00:00+00:00,1899.48
2024-01-16 00:00:00+00:00,2374.7400000000002
2024-01-17 00:00:00+00:00,133.68
2024-01-18 00:00:00+00:00,377.18
2024-01-19 00:00:00+00:00,35.22
2024-01-20 00:00:00+00:00,328.7933333333333
2024-01-21 00:00:00+00:00,622.3666666666666
2024-01-22 00:00:00+00:00,915.9399999999999
2024-01-23 00:00:00+00:00,260.12
2024-01-24 00:00:00+00:00,163.3
2024-01-25 00:00:00+00:00,289.1
2024-01-26 00:00:00+00:00,162.72
2024-01-27 00:00:00+00:00,829.9733333333334
2024-01-28 00:00:00+00:00,1497.2266666666667
2024-01-29 00:00:00+00:00,2164.48
2024-01-30 00:00:00+00:00,4323.16
2024-01-31 00:00:00+00:00,3529.68
2024-02-01 00:00:00+00:00,1256.2
2024-02-02 00:00:00+00:00,445.96
2024-02-03 00:00:00+00:00,1289.9733333333334
2024-02-04 00:00:00+00:00,2133.9866666666667
2024-02-05 00:00:00+00:00,2978.0
2024-02-06 00:00:00+00:00,2317.32
2024-02-07 00:00:00+00:00,2626.08
2024-02-08 00:00:00+00:00,333.7
2024-02-09 00:00:00+00:00,1449.94
2024-02-10 00:00:00+00:00,1414.7066666666667
2024-02-11 00:00:00+00:00,1379.4733333333334
2024-02-12 00:00:00+00:00,1344.24
2024-02-13 00:00:00+00:00,1954.04
2024-02-14 00:00:00+00:00,2586.26
2024-02-15 00:00:00+00:00,2629.66
2024-02-16 00:00:00+00:00,1688.52
2024-02-17 00:00:00+00:00,1320.7933333333333
2024-02-18 00:00:00+00:00,953.0666666666667
2024-02-19 00:00:00+00:00,585.34
2024-02-20 00:00:00+00:00,125.2
2024-02-21 00:00:00+00:00,2084.36
2024-02-22 00:00:00+00:00,343.86
2024-02-23 00:00:00+00:00,276.96
2024-02-24 00:00:00+00:00,1029.5066666666667
2024-02-25 00:00:00+00:00,1782.0533333333333
2024-02-26 00:00:00+00:00,2534.6
2024-02-27 00:00:00+00:00,1549.24
2024-02-28 00:00:00+00:00,915.64
